{
  "gpt-4.1": 1298.544099378882,
  "claude-3-5-sonnet-20241022": 1271.473291925466,
  "gemini-1.5-flash-8b": 1256.407453416149,
  "Apertus3-70B_iter_564750-tulu3-sft": 1179.368944099379,
  "apertus3-70b-4T-sft": 1178.9316770186335,
  "apertus3-70b-iter_304250": 1174.9167701863355,
  "apertus3-70b-iter_90000": 1162.9913043478261,
  "apertus3-8b-6.3T-sft": 1142.2807453416149,
  "apertus3-8b-iter_90000": 1135.0857142857144
}