{
  "gpt-4.1": 1314.7508074534162,
  "claude-3-5-sonnet-20241022": 1302.0899378881988,
  "gemini-1.5-flash-8b": 1294.9346583850931,
  "Qwen3-32B": 1231.6700621118011,
  "Apertus3-70B_iter_564750-tulu3-sft": 1201.1408695652174,
  "apertus3-70b-4T-sft": 1188.9570186335404,
  "apertus3-70b-iter_304250": 1187.5060869565218,
  "apertus3-70b-iter_90000": 1180.072546583851,
  "apertus3-70b-15T-sft": 1177.4290683229813,
  "apertus3-70b_iter_1155828": 1174.8054658385092,
  "apertus3-70b-9T-sft": 1158.4675776397517,
  "apertus3-70b-10T": 1157.3147826086956,
  "apertus3-8b-6.3T-sft": 1156.5793788819876,
  "apertus3-8b-iter_90000": 1148.152049689441,
  "apertus3-8b_iter_1678000": 1126.1296894409938
}